AccX1,AccY1,AccZ1,GyrX1,GyrY1,GyrZ1,AccX2,AccY2,AccZ2,GyrX2,GyrY2,GyrZ2,AccX3,AccY3,AccZ3,GyrX3,GyrY3,GyrZ3,AccX4,AccY4,AccZ4,GyrX4,GyrY4,GyrZ4,AccX5,AccY5,AccZ5,GyrX5,GyrY5,GyrZ5,AccX6,AccY6,AccZ6,GyrX6,GyrY6,GyrZ6,AccX7,AccY7,AccZ7,GyrX7,GyrY7,GyrZ7,AccX8,AccY8,AccZ8,GyrX8,GyrY8,GyrZ8,AccX9,AccY9,AccZ9,GyrX9,GyrY9,GyrZ9,AccX10,AccY10,AccZ10,GyrX10,GyrY10,GyrZ10,AccX11,AccY11,AccZ11,GyrX11,GyrY11,GyrZ11,AccX12,AccY12,AccZ12,GyrX12,GyrY12,GyrZ12,AccX13,AccY13,AccZ13,GyrX13,GyrY13,GyrZ13,AccX14,AccY14,AccZ14,GyrX14,GyrY14,GyrZ14,AccX15,AccY15,AccZ15,GyrX15,GyrY15,GyrZ15,AccX16,AccY16,AccZ16,GyrX16,GyrY16,GyrZ16,AccX17,AccY17,AccZ17,GyrX17,GyrY17,GyrZ17,AccX18,AccY18,AccZ18,GyrX18,GyrY18,GyrZ18,AccX19,AccY19,AccZ19,GyrX19,GyrY19,GyrZ19,AccX20,AccY20,AccZ20,GyrX20,GyrY20,GyrZ20,AccX21,AccY21,AccZ21,GyrX21,GyrY21,GyrZ21,AccX22,AccY22,AccZ22,GyrX22,GyrY22,GyrZ22,AccX23,AccY23,AccZ23,GyrX23,GyrY23,GyrZ23,AccX24,AccY24,AccZ24,GyrX24,GyrY24,GyrZ24,AccX25,AccY25,AccZ25,GyrX25,GyrY25,GyrZ25,AccX26,AccY26,AccZ26,GyrX26,GyrY26,GyrZ26,AccX27,AccY27,AccZ27,GyrX27,GyrY27,GyrZ27,AccX28,AccY28,AccZ28,GyrX28,GyrY28,GyrZ28,AccX29,AccY29,AccZ29,GyrX29,GyrY29,GyrZ29,AccX30,AccY30,AccZ30,GyrX30,GyrY30,GyrZ30,Label
-36,150,25,-346,91,-309,7,5,7,176,27,189,-8,-2,5,294,-51,243,0,-25,-8,-276,-68,28,10,-26,1,346,7,242,-2,-45,-19,-498,-161,-157,4,-33,-13,58,267,231,-9,-10,-1,-179,-250,-273,7,3,-8,87,180,55,7,-15,14,127,-49,34,-2,-20,-1,448,117,-179,2,-10,8,-116,-63,-12,4,13,0,183,-29,-185,3,22,-8,-215,55,173,5,1,12,74,-10,-131,-6,17,-7,52,-103,11,-11,-7,1,-98,128,-6,8,-2,3,-37,-43,-15,-6,7,-3,-61,-22,42,0,4,-1,8,-34,14,2,-2,2,9,27,-13,4,1,2,-34,-69,-8,-3,-5,-2,12,85,0,1,6,-6,-11,-41,10,0,-5,9,39,31,-12,4,-4,-2,-26,-70,-24,-1,2,-2,2,70,63,-1,-1,0,22,-42,-13,-3,2,-3,-47,-6,16,2,2,0,22,30,15,right
-18,158,16,-368,175,-188,7,-32,17,-66,-66,308,-11,-9,8,674,-141,91,-11,-35,-14,-632,-44,22,17,-28,3,412,83,25,16,-14,-21,-146,-7,160,5,-26,-9,-212,-94,-202,-2,-9,-7,-18,9,-42,-11,-3,0,217,-21,-20,1,7,6,171,-27,42,-6,-29,2,77,114,-132,-2,7,-3,115,-7,-2,-10,-22,10,184,65,-78,14,-2,-1,-120,0,-74,5,20,2,-110,-15,-10,1,10,-1,-166,-34,76,-8,7,-7,78,7,-50,0,-3,2,-28,54,107,2,0,3,19,-19,-70,1,4,4,-98,-16,70,0,4,-4,120,-33,-82,-4,0,-2,-117,68,95,4,-6,2,95,-86,-121,-7,5,-5,-153,35,86,11,-7,5,73,-14,-98,-2,7,-1,-18,36,98,-4,-7,1,31,-75,-76,-1,3,-7,-37,63,10,7,1,2,42,9,-11,-5,-5,3,-43,-28,10,right
-28,153,8,-304,191,-315,14,17,38,326,-152,295,-16,-21,-24,-46,-154,385,5,-62,-9,413,235,-7,13,-30,-3,-262,-133,23,-2,-31,-21,-232,103,64,21,-39,2,149,263,75,10,13,3,-436,-268,-96,9,-9,2,84,135,-323,-11,-2,9,-163,-312,-137,-11,8,-6,558,-22,-182,-4,5,-4,26,-62,5,-6,-4,6,380,169,14,7,-4,3,-312,-46,119,0,3,0,327,-5,-50,-1,4,-9,-245,33,104,-5,0,4,-41,67,52,0,-9,1,-58,-15,-14,0,11,-1,-57,-19,6,-1,8,-1,135,64,13,6,-15,8,-225,-62,72,-1,-1,-3,98,26,-102,-5,4,-6,8,47,89,11,-17,5,-33,-8,-75,1,4,-1,-15,-31,61,-1,1,-2,-14,-25,-74,-4,8,-8,-10,22,23,8,-8,2,20,92,-9,-3,3,3,-23,-80,-30,3,0,-4,6,56,-1,right
-13,162,31,456,243,-397,5,-5,4,-725,-180,725,1,-52,0,802,-117,-176,3,-33,-15,-628,-42,301,-7,-33,-5,272,60,-116,5,-25,-18,-577,-163,-106,6,-14,1,342,208,26,4,8,-1,-373,-122,42,9,-26,-3,275,116,-101,21,8,1,-20,78,40,-29,16,8,423,-258,-5,11,-46,12,-61,187,-129,-4,9,3,-194,-236,-70,-13,21,-16,127,14,104,8,-3,-1,-218,143,113,6,5,2,99,-38,-186,1,11,2,-38,37,2,-2,7,0,64,-81,-50,3,2,1,-64,84,30,-1,3,-6,94,-50,-34,-3,-1,5,-68,25,7,-4,3,-1,57,-6,-7,3,-5,4,-115,27,43,4,7,-3,59,-52,-36,-8,-1,-1,-5,26,43,11,3,2,1,-9,76,-6,-17,3,-12,-11,-105,-5,3,-5,-49,-30,7,6,11,0,75,17,-13,-3,-4,-1,0,51,43,right
-9,155,40,268,334,-351,2,-15,23,-585,-521,354,-15,-22,-51,97,-211,98,9,-39,-1,490,322,-117,-6,-5,0,-491,-324,284,5,-47,-13,647,502,51,-23,-4,-7,-529,-161,12,16,-40,-12,88,400,-96,6,-4,23,-262,-316,230,18,-18,-11,294,308,-375,1,14,12,-215,-247,176,5,-34,-7,137,-70,-248,13,14,-15,-285,-2,-62,-5,19,18,623,30,-77,-1,-4,0,-599,-159,297,-5,15,15,506,-21,-325,1,0,-9,-140,-10,-24,-16,8,-1,-83,160,165,9,-11,-1,102,-33,-114,-6,13,6,64,-38,21,4,-3,-10,-220,88,110,-9,5,3,158,-85,-76,7,-6,-4,224,45,-190,-1,4,-5,-323,25,236,3,-8,4,-23,56,-10,2,-2,5,-12,-68,-83,-1,15,2,-16,-22,108,-2,-11,4,47,-33,-45,4,1,-8,15,46,16,-2,1,-1,72,-25,-17,right
-27,155,30,-186,214,-663,16,21,21,-196,-216,784,-19,-19,-4,600,-172,115,3,-70,-29,-223,5,61,8,-8,-3,195,91,204,-7,-41,-6,89,208,-215,3,-20,-9,-592,-183,245,-27,-29,-10,-123,113,-170,4,-13,0,150,121,37,15,-21,3,117,49,-176,14,6,6,-14,-153,76,14,-10,3,118,72,-240,5,24,2,0,-150,139,2,-4,-3,-170,30,-154,3,11,6,266,14,-112,-3,8,-4,1,-73,68,-7,7,5,-368,53,104,6,11,-2,480,-54,-217,-15,-3,-10,-162,19,111,-3,0,3,-2,-27,31,1,-5,-1,37,119,-84,3,4,5,5,-63,79,2,-3,4,47,54,-70,1,-1,2,-147,-22,31,2,-4,-1,114,2,-84,-6,7,-6,-89,-44,123,10,-18,5,9,83,-157,-8,14,-8,53,-123,79,7,-15,-1,-136,127,-3,-7,15,4,122,-95,5,right
0,163,13,-168,355,-785,-12,2,1,26,-101,606,-7,-5,21,418,-141,177,-5,-39,-33,-254,-77,378,15,-37,18,803,261,-160,16,-31,-8,-803,-465,303,-5,-24,-9,288,173,-171,3,-25,-11,-486,-239,78,0,-24,-10,-26,273,-242,3,-22,3,-97,-64,14,-16,21,13,300,112,58,20,-23,8,-498,101,-72,13,5,-5,279,-133,-22,-13,17,-7,101,-13,-94,2,3,-2,3,31,-14,-1,-14,11,162,-28,-52,-1,22,7,-226,-83,27,-4,7,-8,233,-50,-15,-2,5,-5,-130,137,35,4,10,6,100,-95,-6,-4,-3,-4,-187,32,104,2,-3,4,181,-19,-135,-1,4,-8,-53,55,80,0,-3,9,-22,-11,45,1,-3,-6,-73,10,29,4,1,4,114,-24,-116,3,1,-10,-58,107,49,-4,-3,10,-5,-91,32,2,-4,-4,49,-19,-143,-4,8,-1,-61,38,138,right
-7,166,58,-115,131,-725,-25,-14,-17,48,-276,692,-8,-12,-19,292,4,299,2,-60,-9,-195,-11,12,-1,-20,-1,142,170,-13,17,-36,2,-339,-83,-96,-14,-2,-15,88,95,177,12,-30,-1,-160,-30,-215,8,-8,-13,57,231,254,-5,-2,21,207,-125,-145,13,-2,-4,30,-120,-67,-3,-29,10,253,96,-4,11,5,-4,-393,-242,-85,-7,-3,-6,508,151,-152,-6,12,-1,-324,-41,80,1,-3,1,58,-15,-133,-5,18,-2,-103,146,61,9,1,5,-40,-75,1,1,11,11,-46,39,-28,1,3,-10,35,-30,-2,-9,4,-2,-45,-29,81,0,4,-3,146,25,-120,1,-6,5,-156,-48,91,3,-5,0,58,-6,1,-1,8,-2,55,83,-10,0,-7,4,-41,-115,-44,2,0,-1,-32,27,58,0,0,0,80,16,-45,-9,5,-12,-47,17,-35,11,-3,6,-11,-43,79,right
7,154,49,52,454,-225,5,-5,36,-17,-352,544,-1,-70,-53,-241,-473,-365,-33,7,-21,12,116,416,18,-55,5,126,61,-250,-9,-4,-15,132,275,64,5,-17,0,-239,23,26,-12,-2,-10,-164,-184,239,7,-28,0,315,92,-260,9,-6,-8,59,-3,-57,-13,15,11,183,-35,69,14,-29,15,-202,71,-108,5,12,-1,257,28,-74,-7,13,-5,-378,-133,102,-3,-7,0,203,-19,-61,5,4,5,48,63,-101,3,-5,-7,-53,67,65,-13,7,3,-51,-20,-149,-5,18,-10,11,-10,25,6,-3,3,-44,119,72,5,2,8,109,-62,-56,-3,2,3,-82,-25,40,6,-5,-1,57,-20,-24,-1,-3,-8,-56,54,70,0,-8,7,47,-69,-60,2,4,0,-17,-5,-10,-2,-6,-1,-85,8,80,2,6,-5,48,-3,-50,-3,-4,1,72,11,-64,-5,5,-3,-140,-8,140,right
17,158,27,-739,96,-366,-3,36,35,494,61,-254,-43,25,-19,140,-169,650,8,-104,-23,757,178,239,5,-10,16,-429,-288,-138,7,-49,-13,215,176,193,2,-27,-6,-50,-116,-49,-16,-23,-17,-290,139,12,18,-13,-11,-200,-30,-129,-8,-1,3,229,162,368,5,-25,4,-28,-133,-282,10,-8,-2,-2,-30,-43,7,-7,7,54,50,-32,4,-16,0,-228,-220,-280,0,30,-5,326,188,-141,1,14,10,-214,-146,53,-19,12,-13,94,86,48,8,-11,2,-65,122,-50,1,17,12,14,-112,142,1,-14,1,-3,91,-75,-5,14,-12,-48,-6,59,9,-10,3,6,19,-35,2,13,3,-20,33,1,2,-6,6,40,-83,-55,-7,-8,1,188,74,-55,4,6,-3,-300,-112,140,3,-7,-5,198,8,-178,-2,10,-1,-159,-22,131,2,-3,-3,-12,20,82,-3,-5,1,84,26,-148,right
18,146,63,-68,278,-162,-34,45,3,224,-33,86,-3,-35,-16,-357,-581,503,8,-29,-32,352,60,-45,11,-47,-2,-162,269,-98,-5,-31,2,-143,-294,271,-9,-25,-15,307,52,57,-31,4,-21,-352,6,-297,19,-51,1,302,305,262,16,-45,14,-46,97,-150,-7,23,22,-281,-69,-71,6,-10,-9,310,55,-189,6,22,-4,-327,-246,-7,7,15,4,174,130,-145,4,35,-4,69,-81,174,-11,3,-2,151,91,-40,-2,-16,1,-82,-29,-10,0,12,5,64,-48,-95,-4,-6,-11,-58,-30,60,1,-1,10,-172,15,17,1,13,-5,219,-7,-27,5,-5,1,-144,31,97,8,1,6,-55,-50,-50,-8,-7,-4,170,-35,-57,-1,2,-2,32,64,7,-1,3,2,-225,-36,108,-1,-10,-3,125,-7,-138,-2,5,-2,-12,30,108,5,-8,7,-10,35,23,2,1,1,-97,-18,-30,right
19,162,12,-712,106,-373,-9,18,36,547,119,-144,-37,0,-37,-405,-688,607,-6,-43,-12,870,532,-67,11,-35,8,-355,-1,-16,-1,-26,9,307,58,253,-7,-11,-19,-405,-120,38,13,-37,-7,21,250,-79,3,1,0,-43,-78,162,10,-36,6,358,240,-212,14,11,-6,-128,-335,-117,-21,3,3,302,11,138,15,-54,13,-99,24,-132,-4,27,3,66,-236,-107,10,-2,-12,-212,182,20,-12,33,1,-43,-124,41,1,2,-4,57,132,-13,0,4,6,-2,-59,15,5,2,0,28,24,-66,-4,14,0,-32,-15,97,3,-5,1,204,-7,-75,4,-8,-4,-108,-36,50,-3,-5,8,-69,44,50,-3,-2,-3,40,-82,-165,3,-6,1,-127,46,95,-3,6,-5,88,-3,-68,4,6,-5,-37,12,54,-2,-4,2,40,-17,-65,-1,0,-3,-16,5,70,-3,-9,7,52,69,-77,right
23,151,62,-143,366,-859,-39,72,-25,-936,-392,820,-22,-60,-34,1358,62,228,10,-36,4,-235,268,90,18,-49,3,-60,-236,-21,9,-22,-1,2,67,171,-6,-17,-12,-29,62,74,7,-24,-2,-703,-173,-65,11,-40,-11,573,190,38,-16,-1,16,273,-274,-51,-8,-32,-9,-201,-95,-189,9,-16,1,-32,244,87,11,-2,14,95,-353,-481,3,71,-13,-1,62,70,-7,6,7,54,64,-14,-15,2,-13,-58,75,122,13,-12,11,142,134,-80,-1,18,9,-109,-108,51,2,7,-6,-93,-26,95,-8,1,-6,90,18,18,2,-10,0,-80,68,-82,9,1,3,-33,-78,58,-6,5,0,128,-22,-6,3,-14,1,-125,111,64,1,0,0,141,-59,-142,3,-2,-3,-102,25,43,-7,8,1,107,-110,-39,1,-10,-7,-19,103,11,3,-2,5,2,2,67,5,1,7,-119,-34,-14,right
28,162,8,425,587,-451,15,-3,58,-590,-423,631,-43,-23,-20,103,-303,-257,-26,-37,-50,-54,128,105,13,-14,19,182,139,255,11,-52,-1,-280,-124,-99,-18,-13,-20,-147,-12,45,-3,-11,-5,15,123,169,19,-35,-5,230,-31,178,-13,15,8,178,-125,-261,4,-34,-3,-56,-75,-2,-3,3,-7,406,121,-127,17,-19,6,-416,34,-52,2,35,5,139,-26,-161,-5,8,4,-138,-30,64,-1,-5,-1,98,-47,-112,0,26,1,-106,57,8,-7,14,-2,131,-20,19,8,-8,-3,-41,24,59,-3,-4,0,-73,-32,43,-7,-2,0,-43,-14,-35,6,8,3,143,17,-56,4,-5,2,-98,39,131,-2,-7,0,-137,-102,-2,-6,7,-3,291,2,-189,0,0,-9,-195,87,114,4,5,5,65,-14,-1,1,-8,4,12,54,-46,1,0,-2,-55,-68,80,1,-1,8,-33,-15,-73,right
34,163,63,-46,614,-685,-7,-3,27,27,-314,744,-49,-33,-60,-142,-565,39,-10,-39,-19,30,160,532,20,-64,4,611,213,-274,-2,-8,-18,-681,-102,130,-3,-15,-11,-155,-125,177,15,-21,-11,234,311,-302,-1,20,8,-298,-124,1,19,-49,2,332,136,67,3,1,12,179,-235,-424,-14,19,-8,-50,-28,-165,2,-3,-10,218,298,200,2,14,22,-487,-192,43,1,7,-12,451,14,-181,-18,24,-5,-96,-98,105,6,1,5,58,135,38,-1,-16,9,47,-66,-17,8,4,2,-63,25,3,-2,3,-5,-104,-37,70,-1,-5,5,59,5,-135,-1,11,-7,38,-27,-23,0,-2,0,-221,-37,111,2,0,0,227,55,-49,-3,-11,0,25,-11,-54,-3,4,-5,-97,-4,43,-1,-9,-2,-62,13,52,8,3,5,-8,40,-53,0,8,4,65,-3,28,2,-11,1,-72,-8,53,right
-24,-161,-22,44,-247,-333,2,-13,-36,-460,206,-416,-10,61,48,895,-507,21,24,68,-47,-873,510,80,40,132,75,623,159,-264,-5,99,-15,-1013,268,325,-31,63,72,1136,-259,161,-28,-65,-59,-834,-347,817,-8,-49,-7,749,289,-117,5,-34,16,-260,-170,62,18,-47,-20,-218,30,269,-7,-28,-6,64,91,-278,1,-7,0,375,236,36,-3,-48,-1,-664,-295,188,16,-21,-4,423,164,-329,-13,12,3,448,-92,-449,13,-6,-28,-633,196,252,-3,27,25,237,-10,16,21,3,17,-1,-223,-157,-7,32,-7,39,-17,14,-2,1,1,-106,-25,150,3,-12,4,97,-36,-125,-8,14,-5,69,-38,-37,-12,-1,-11,-162,7,97,0,-10,4,4,88,-9,5,13,6,182,11,-136,-5,-1,-1,-146,-67,110,1,-9,-2,-58,35,29,5,6,5,210,102,-150,6,16,-1,14,-100,61,right
5,-154,-24,-204,28,-193,-8,-17,-2,-74,-11,-237,-30,-4,7,6,-364,-96,-1,71,-23,223,129,-87,-9,56,-5,-687,-282,279,67,150,4,654,982,-548,14,104,100,-1118,-378,652,-50,28,4,1535,270,81,-11,-86,-32,-979,-475,603,-2,-51,-11,797,214,-197,4,-35,-13,-708,-233,502,8,-58,-7,789,310,-365,-1,1,-7,-558,-51,385,13,-52,0,-82,-97,-134,-10,8,-9,265,-7,-175,-11,-25,11,353,27,-121,13,-10,-1,-368,26,14,7,-7,6,-215,-57,-13,-7,28,10,539,-50,-527,-11,15,-16,-391,-32,259,13,3,7,157,189,-77,3,22,0,3,-107,-48,-1,4,5,151,-26,4,1,-1,-9,-206,53,117,-4,-6,3,-6,-92,-34,1,5,-5,99,33,-52,1,-5,3,-94,7,11,-8,-6,1,-125,5,83,1,6,-1,147,-33,-114,-3,4,0,-6,17,61,right
17,162,36,49,293,-508,-5,33,14,-166,-241,811,-13,-100,-16,602,-87,58,-11,-30,-19,-798,-71,66,16,-53,-11,214,46,-67,-17,-13,-12,-112,125,71,29,-35,-3,-332,28,-86,4,-13,1,278,-4,-34,-18,-7,10,-94,25,-259,17,9,-6,235,-13,208,-21,-14,12,94,-131,-89,4,9,-4,30,-94,-172,-4,23,-18,182,33,-77,-12,-2,-6,-189,137,175,9,9,20,-31,27,-23,2,5,3,72,-4,-41,0,0,-2,-147,30,151,9,-1,7,128,3,-177,5,10,-3,-112,-16,48,-3,4,3,48,-72,7,-1,-2,-4,-19,16,32,0,-4,2,78,-45,-23,-1,-7,0,-52,14,-30,2,2,-7,11,52,-12,-3,0,-2,-49,-86,3,1,7,-2,33,73,-15,-2,-2,-1,38,-10,68,7,-16,8,-107,21,-30,-6,6,-2,43,-17,-146,4,9,7,51,36,101,right
37,164,16,-432,86,-630,-22,43,52,267,-263,215,-31,-31,-27,378,201,534,-14,-59,-30,-397,-189,173,10,-33,-6,137,232,64,-3,-28,-3,356,120,20,15,-40,-20,-343,-175,198,20,-37,-5,222,115,283,-6,-14,16,-24,-36,-485,9,-21,-25,-249,-59,161,-1,-8,11,-41,-33,-55,-7,4,19,-1,-137,-404,-18,11,-12,264,-20,-139,3,8,-8,-172,158,241,14,0,20,-88,-10,-231,-4,26,3,251,-101,-225,1,18,-17,-255,91,258,-2,-4,11,218,14,-6,4,-4,3,-65,-39,-33,-8,8,-9,47,-36,-35,-2,5,-13,-177,43,137,3,-8,11,148,48,-12,2,-5,12,-46,16,16,2,-10,-3,43,-53,64,2,-4,-3,-102,21,-55,1,13,2,104,-88,-127,-1,-1,-9,-103,57,154,-2,-5,6,79,-11,-56,-5,-2,0,27,6,-7,7,-5,0,-57,25,-85,right
-7,168,6,-865,97,-521,15,24,60,954,77,338,-27,-13,-42,-88,-191,451,-3,-71,-17,28,61,67,-9,-9,0,-96,-45,276,7,-55,1,249,211,-43,18,-24,-3,-419,-260,182,-2,-25,-3,245,277,-137,15,-16,-3,-269,-206,-120,-4,-19,-15,362,95,46,-5,5,16,-329,-254,-284,-4,-13,-5,257,27,-259,-6,17,-10,-29,15,110,6,17,17,-86,62,-122,-5,28,2,51,-80,5,1,13,-8,74,70,118,-9,-14,2,6,28,112,10,-14,-2,-56,94,8,5,3,9,68,-84,-176,-7,20,-7,-134,-12,100,8,-16,5,-14,77,-12,1,0,5,154,-39,-59,5,5,-12,-25,-6,-29,-13,7,4,-75,-44,83,10,-9,5,70,-23,-111,-5,9,-3,-29,-28,17,-4,-3,2,23,29,40,1,-4,-6,-14,16,12,2,-2,2,42,47,-29,2,3,0,-52,-37,1,right
12,157,39,250,293,-27,3,-42,1,-283,-347,128,-30,-6,-36,-221,-59,343,-1,-47,14,106,296,45,4,-27,-7,-31,-118,-37,9,-11,-11,-96,-26,214,2,-20,0,-25,98,-407,23,-17,-11,134,67,221,-9,15,10,-23,-226,-124,-9,-28,1,108,157,-110,10,3,13,282,-152,-245,-16,-11,-13,361,-155,-478,3,7,-16,-1226,325,780,2,14,36,937,-308,-450,-15,-6,-28,-548,243,378,26,3,14,407,-132,-291,-15,18,-16,-202,173,207,9,4,14,159,-120,-117,4,-3,7,-59,35,22,-6,5,-7,80,-55,-76,4,5,4,-107,6,110,-9,-5,-10,88,-19,-106,11,-8,2,-109,58,116,-2,4,-4,8,-58,-95,-2,1,2,99,45,4,-12,3,2,-110,-16,145,20,-4,2,139,70,-114,6,2,0,-128,-135,56,-29,-6,-13,34,79,3,19,-2,13,-81,42,-8,right
21,174,42,79,462,-978,-22,20,0,-993,-713,1123,-23,-51,-13,1599,246,-144,7,-38,5,-1017,-230,532,9,-44,-16,453,170,-182,2,-19,-20,-585,-15,-12,-1,-12,-8,531,122,-12,-13,-36,-7,-561,-333,172,20,-21,8,729,495,-228,-1,-26,10,-104,-358,54,-13,-4,4,105,-45,-355,4,12,-13,-127,189,11,-2,15,-3,-59,-45,-102,10,20,9,158,73,-113,-8,15,-4,-232,5,265,2,1,9,314,11,-168,11,5,-1,-89,81,207,-6,-10,4,84,-135,-169,-5,5,-7,-246,-69,60,4,-3,4,21,27,-31,-3,15,-10,-89,-40,74,4,-4,5,114,60,-57,5,-12,1,-71,40,-41,-2,-1,6,-30,0,-56,-1,18,-2,162,-48,-48,-7,-16,-6,-92,51,117,7,-4,1,12,-75,-83,0,1,-7,-152,37,30,0,7,5,183,-48,-101,-3,3,3,-43,38,110,right
14,151,48,-240,88,-249,-6,7,2,624,179,302,-19,-37,-21,-742,-441,218,10,-35,-1,725,229,-162,-18,-12,-14,-598,-239,502,2,-54,-5,-26,71,-249,12,-4,-8,80,126,291,-16,-12,5,217,29,-90,31,-37,-22,-657,-20,46,-2,-3,10,865,34,-216,-8,-13,-2,28,59,95,11,-17,6,-353,-159,-58,-6,3,-5,178,41,-373,-9,40,-2,-43,-128,102,1,-12,5,81,245,-98,11,7,-1,-191,-63,44,2,19,12,220,-79,-290,-6,6,-10,-181,24,172,0,5,2,-97,-17,45,2,1,-6,121,53,21,-5,-5,10,-18,-15,-8,5,0,-3,-117,-3,20,-3,6,-1,98,-41,-70,-1,1,7,50,11,40,5,-21,-11,-82,27,26,2,17,11,-29,-65,-65,-6,5,-14,100,8,1,-6,-4,-2,-51,58,87,5,-3,10,29,-30,-54,2,8,1,46,31,-36,right
33,150,26,107,487,-446,2,11,32,-520,-442,530,-32,-36,-12,382,-196,-19,-15,-35,-12,-242,80,269,9,-24,-15,-11,-116,146,-3,-42,-29,-337,210,-223,-12,-3,17,498,-65,208,2,-37,-9,135,146,78,18,-34,-1,-493,-188,64,6,20,4,1223,150,-591,-17,-11,-21,-1064,-234,767,18,-31,9,468,338,-515,4,13,2,-245,-285,-199,-9,30,7,325,89,-115,-9,1,-9,-411,-38,38,5,20,7,237,122,-99,5,8,8,136,-26,-37,-8,3,-5,-181,-85,119,6,-2,5,-50,115,116,-8,5,-12,-136,-59,181,11,-22,11,206,123,-205,3,21,-3,-124,-177,-10,-10,-5,5,68,26,-38,6,-3,-4,-1,18,23,7,-6,-3,-67,-32,-36,-8,9,1,-95,-53,157,0,-2,1,223,39,-194,-4,9,-10,-127,4,165,2,-14,12,113,26,-100,2,5,-3,-30,18,-53,right
8,153,27,-503,157,-642,-11,50,18,370,-92,615,-17,-78,-10,47,-165,296,-18,-31,-23,7,72,175,17,-21,15,116,4,176,11,-29,-7,-260,-18,-297,9,-15,-20,93,123,168,-8,-12,7,-50,-28,-164,-3,-25,-30,-298,-94,65,15,-23,16,515,177,-25,-20,-2,9,106,-174,7,13,-20,-16,-298,111,29,-17,28,17,415,-148,-253,-2,-9,-5,-78,90,-1,13,4,1,-137,-78,-75,-11,13,-8,78,126,-78,16,16,9,-26,-19,19,7,-8,6,-65,-13,45,-8,-3,-1,-55,5,-17,-1,17,-1,134,-90,-83,-5,-10,-2,-164,66,187,8,-6,3,70,-48,-153,-4,14,-2,-33,25,34,5,-2,-2,82,-27,-67,-4,-4,-5,-130,11,158,-1,-8,6,198,2,-107,3,-1,-5,-79,-47,-26,-5,-3,-1,-169,87,131,2,1,4,113,-74,-131,-7,6,-2,-38,62,82,right
43,161,43,181,379,-879,-48,61,21,-745,-341,1090,-6,-74,-29,819,-144,-141,-11,-10,-27,-491,40,399,28,-45,14,907,233,-254,-23,-41,-33,-1261,-212,18,-1,-37,12,682,406,27,12,-28,-6,-375,-363,152,-15,-1,-17,167,242,-86,25,-41,20,96,-96,-165,-1,25,4,-96,-273,108,-11,-13,-6,271,117,-73,11,-10,3,-201,121,132,18,9,16,141,-50,-404,0,37,-11,-173,-102,96,-3,17,-6,64,53,39,-11,5,3,103,-26,-51,3,-5,2,-30,101,22,5,3,7,63,-135,13,-7,-2,-2,-78,7,1,-1,-9,-1,42,-21,-72,-2,4,-3,-53,65,38,7,-2,4,-11,-87,-39,4,0,-5,-46,76,91,-3,-3,0,95,-83,-123,-13,10,-15,-48,63,50,5,0,4,-49,48,101,19,-10,17,80,-31,-85,-15,3,-5,-40,-3,16,3,1,-1,-102,-46,28,right
19,155,14,393,412,-368,0,19,35,-120,-234,485,-15,-49,-17,-130,-305,334,-13,-39,-15,-88,76,-88,2,-27,-9,-29,32,-34,11,-24,-10,42,36,169,-8,-20,-8,-502,42,-288,27,-36,-1,259,219,175,-22,18,5,731,-160,124,0,-75,6,-715,70,-62,1,41,6,793,-308,-262,-13,-56,-25,-467,66,89,11,33,7,82,-52,-307,-3,8,-2,-176,132,64,-1,23,15,384,-77,-353,-13,14,-27,-538,122,453,26,-11,35,257,160,-311,-9,21,-17,-178,-191,278,3,-12,10,183,20,-146,8,10,2,-142,-58,-25,-15,8,-6,-42,-72,8,-5,-6,3,52,66,-13,-4,0,3,-41,-19,-18,1,9,-4,3,43,45,-1,-14,-5,91,49,23,13,13,5,-67,-30,48,2,-3,-4,48,6,-28,-3,-10,-2,-24,-9,6,1,0,4,-1,66,70,6,0,5,29,-57,-98,right
-37,-149,-25,-135,85,-252,-12,47,20,137,-521,-25,24,10,-38,-448,-133,181,24,37,18,158,529,-488,19,89,21,334,184,-390,51,107,6,-901,336,187,-37,83,17,1087,192,190,-32,-17,38,-453,-740,385,-31,-25,-51,448,-94,414,9,-65,12,-15,-71,279,4,-31,-3,23,57,-38,18,-34,-6,203,70,152,-19,-25,-16,-541,-257,-50,11,-45,-29,-238,421,-265,-4,16,9,240,61,296,-19,-34,15,-39,-65,-206,23,-9,1,-154,145,-70,9,-6,2,463,-82,-184,-13,19,9,-43,-32,-102,2,3,-3,-73,-43,-43,1,14,-1,164,-36,-28,12,7,-2,-92,39,77,-3,6,4,56,-82,-129,-14,3,-8,-39,98,-7,-3,4,3,35,-21,62,7,-12,3,-262,51,117,7,9,12,157,-93,-197,-11,11,-12,-152,-35,137,3,-12,2,50,8,-47,5,1,-3,-28,7,40,right
21,160,33,-534,93,41,3,11,5,950,173,-82,2,-19,10,-406,-353,639,-24,-50,-28,-19,-63,-150,-16,-14,-19,-144,-20,74,15,-61,-2,239,271,-25,-14,6,-5,-483,-303,-149,11,-54,-2,576,411,41,-17,9,-5,-3,-213,-59,9,-32,21,310,127,-279,3,20,-21,-215,-287,147,-7,-18,22,-132,141,-2,15,-3,-8,12,-7,-90,1,5,-4,-152,57,-65,4,12,0,48,0,10,-7,17,2,37,33,-109,-5,3,-2,27,50,112,11,-13,12,100,-66,-172,-6,26,-9,-185,-79,141,-2,-4,3,60,-3,-164,-1,2,-12,4,78,-2,-4,5,3,95,-65,-19,-2,1,-5,-25,80,57,10,-8,17,-74,-15,88,-6,-10,-9,2,-36,12,-1,2,2,-68,78,26,4,4,3,106,-65,-44,-3,-6,3,-100,27,63,3,-5,-3,11,-15,17,4,-3,5,39,-37,-123,right
22,156,34,-263,558,-179,4,43,38,80,-443,344,-25,-2,-30,139,-228,276,-15,-64,-23,7,-128,-59,5,-40,-28,152,238,69,-16,-63,5,-291,-43,-227,11,-22,-19,-126,71,-100,-5,-27,-1,86,221,127,-5,16,20,-72,-90,202,5,-20,-3,591,-93,-277,-3,-20,-11,-335,98,268,17,-5,21,311,-109,-350,-1,16,-23,-349,-12,107,5,29,16,208,-8,-115,-16,-12,-20,-17,-70,-20,9,9,14,-168,85,75,-7,15,-8,153,-58,-194,5,6,3,-174,127,238,5,-5,13,143,-95,-179,-3,6,-2,-147,-29,130,1,-9,0,135,-2,-177,3,6,-6,-81,56,163,-1,0,-1,-13,-24,-67,1,-3,-1,-42,46,36,-6,10,4,125,-96,0,5,-14,3,-3,1,-116,-7,4,-6,-85,-14,217,-3,-2,-4,122,38,-175,6,2,6,-51,80,-7,11,-6,1,-35,-54,52,right
1,162,-14,-638,174,-137,26,6,71,1134,214,-241,-14,11,-6,-858,-513,869,-9,-71,-15,588,-113,-294,-5,-12,-20,-620,21,222,-20,-36,1,606,84,-202,0,-32,-27,-818,90,227,-7,-37,14,675,374,-188,-14,15,-4,-87,-69,206,2,-51,8,-6,-147,176,39,-1,-31,-214,-87,-135,-9,22,27,637,66,-493,-1,19,0,-514,-103,116,12,3,-5,189,17,-220,1,6,-1,-25,67,8,-25,-3,-4,21,-87,178,20,-16,9,-138,283,-2,12,37,6,252,-308,-213,-23,-5,-12,-26,85,110,7,-7,1,-45,11,15,6,1,5,40,-9,-39,-2,-3,-4,-75,-34,71,3,-7,4,-26,22,-13,-9,6,-10,-69,-32,-14,2,-5,10,103,12,-63,5,6,-2,-121,-37,33,-2,2,-2,-56,1,8,0,1,-5,28,35,87,-3,-4,2,46,-27,-73,0,-1,-1,-70,37,-17,right
72,141,-2,-875,103,-724,-35,114,63,1005,207,392,-49,-64,-23,45,-398,406,-4,-61,-15,-127,-166,179,1,-37,-9,-157,184,31,23,-14,22,623,155,-351,-7,-14,-24,-521,-214,543,-4,-27,-15,180,236,-312,-3,-33,-3,-115,120,126,2,-31,-12,-403,-160,200,-12,11,16,303,-74,113,5,-24,12,280,226,-295,17,-13,-5,-313,-191,148,4,17,9,293,-130,-310,12,1,-6,-168,41,-155,-11,32,1,15,40,52,5,-7,4,-101,-17,24,-7,17,-1,83,-117,-128,-12,14,-7,156,75,-76,1,-13,-3,-330,114,246,-7,17,1,138,-114,-127,9,-2,3,124,120,0,7,0,9,23,-10,35,-3,-2,0,-237,-101,82,-1,3,-6,248,-16,-158,-4,-1,-5,-85,143,207,11,-14,10,-63,-150,-112,-5,14,-5,-76,49,-20,-13,9,-13,116,-2,50,14,-13,9,-1,115,0,right
60,139,55,115,606,-738,-30,94,12,-576,-818,928,-33,-99,-25,1060,2,-93,-21,-22,-39,-530,-81,140,18,-54,10,231,343,-405,13,-18,-22,-500,-8,295,-25,-8,7,14,-208,217,12,-41,-14,237,272,-13,-6,-2,6,306,-101,192,11,-48,1,-283,-4,-92,-4,-1,2,-16,-78,-209,-2,-5,5,319,-48,-96,-3,6,1,-392,76,99,13,8,11,-76,-28,-221,5,31,0,354,-47,-284,-4,2,-16,-386,73,297,5,15,15,144,-72,-166,-6,5,-10,-59,45,119,-1,-1,5,180,-54,-178,-8,4,-9,-230,72,248,9,-5,9,141,-19,-114,-4,2,-1,-81,-49,20,3,-3,2,172,14,-20,-2,-3,-1,-178,2,80,3,0,2,166,-13,-163,-8,-4,-3,-135,69,178,6,-6,-11,-38,-69,-40,-1,10,7,28,29,-20,1,-2,4,11,-13,-42,3,0,3,53,-49,-35,right
37,151,23,-593,429,-98,-15,47,28,86,-500,14,-31,-27,-28,495,150,244,-18,-70,-21,-91,-185,293,8,-25,8,-3,88,-69,-1,-24,3,23,144,179,14,-29,-11,313,165,-275,-8,-10,-3,-637,-278,419,-7,-39,-6,143,93,-341,1,0,-15,337,-83,13,-6,-18,11,72,131,-101,0,11,3,-416,-244,132,-6,-7,-1,659,188,-326,0,13,-8,-375,90,284,18,-2,19,-194,18,-34,22,15,2,332,-21,-251,-7,10,-1,-145,-36,63,6,-5,3,-19,-58,-7,-3,1,-3,-62,-67,-47,-4,13,-4,84,-53,-93,-10,-2,-14,20,114,78,6,-8,9,-69,53,52,10,3,12,46,-156,-169,-16,9,-16,-53,21,87,-1,-3,4,-43,63,50,12,-5,3,-1,5,6,-5,8,0,237,2,-198,-1,1,-7,-218,-24,283,1,-22,8,39,82,-131,6,12,-4,10,-88,30,right
-16,-161,-17,67,41,-301,5,-24,-26,-269,339,-675,29,133,49,112,-142,-206,-18,41,-23,-338,-514,633,13,124,-3,174,22,-163,26,55,16,234,357,189,-18,43,33,-203,46,468,-11,-47,13,356,-214,406,-20,-40,-32,-366,-25,-143,3,-20,16,434,72,326,-5,-47,-17,-557,-119,-37,16,-48,-11,112,273,32,-39,18,8,354,-263,101,17,-65,-16,-487,204,-33,19,-17,1,107,-102,-65,-22,24,7,648,48,-378,7,-39,0,-447,21,89,9,20,10,4,-23,-313,4,47,1,247,6,-170,-6,12,-12,-8,26,206,5,-19,13,-198,97,46,2,19,1,223,-163,-266,-18,16,-10,-127,75,209,10,-17,10,12,-64,-40,0,1,-5,-155,-5,90,-6,3,-7,133,6,-86,-2,5,-6,-61,-15,134,10,-22,9,44,51,-32,2,7,3,-37,-41,-81,-9,11,-4,-11,19,40,right
38,160,26,-372,318,-214,1,2,27,593,-134,166,-34,-33,-34,-277,-344,284,-9,-42,-10,-41,81,372,-1,-38,-1,-28,36,-108,1,-26,-3,-120,184,-3,-1,-35,-20,-132,-45,429,-4,-20,14,370,-2,-617,19,-12,-15,-441,-118,147,-9,1,-3,962,148,-82,14,-27,38,-947,-139,-43,-13,30,-13,1041,23,-595,0,0,-2,-758,106,735,28,-24,27,254,-162,-636,-22,51,-35,105,-26,-176,-8,6,-3,-271,126,323,8,4,13,57,-79,-142,-5,5,-6,71,107,70,8,6,12,-42,-93,16,-6,-8,-12,10,7,84,-10,-8,-2,-153,75,106,13,4,4,186,-117,-171,0,-1,-5,-123,76,134,-3,-2,6,69,-51,-125,0,-2,-2,112,32,-41,-1,5,-2,-110,-11,156,-3,-7,3,21,24,-28,6,-6,4,48,-28,-125,-7,7,-6,-101,-42,83,2,-7,1,-18,42,4,right
-38,-153,-7,270,9,-603,-13,12,-30,-310,-31,194,39,34,31,-339,250,-411,15,103,-15,615,-549,-182,11,108,-12,-700,583,249,52,133,80,314,-211,306,-42,6,4,240,165,501,-32,-97,-26,-165,-325,297,-18,-36,-16,-200,54,-164,9,-18,-1,6,222,245,7,-33,3,182,-37,38,8,-34,-9,-117,84,4,-3,-14,4,244,-221,23,5,-31,-18,108,129,26,4,0,15,11,-200,-46,-12,-25,-7,-112,33,-57,5,6,8,235,32,-273,1,-5,-10,-325,16,100,3,25,7,326,3,-182,-5,-11,-13,-369,-20,-22,9,21,14,246,61,-184,-11,11,-3,-198,24,169,2,0,17,58,-77,-119,1,14,-10,36,-1,3,-5,2,-2,-59,58,112,-1,-7,-1,31,-40,-25,6,-11,8,111,41,-86,1,10,-8,-118,-85,74,-7,3,-4,-41,29,-1,0,1,-4,52,-8,-9,right
67,139,28,-230,126,-418,-29,87,31,-64,79,323,-16,-58,7,422,-373,385,-37,-64,-59,-32,119,66,8,-37,12,-212,186,-128,3,-28,-10,321,125,101,2,-24,-1,-581,-124,65,0,-7,2,498,57,-280,10,-20,-28,-314,-172,289,-9,-18,12,328,70,145,0,-11,16,-203,-259,-183,2,-2,-11,342,256,-145,-1,-9,9,-79,-58,119,2,-14,3,-60,58,-204,7,38,-4,-26,-161,-177,-12,10,-7,-82,80,101,5,-2,7,12,84,-36,10,4,0,-95,-39,-77,-3,14,6,196,2,-24,-3,-8,-9,-217,-16,145,-1,4,4,47,-44,-127,2,2,-6,-101,9,51,-7,8,-1,217,23,-64,3,-8,6,-182,71,185,1,4,3,111,-59,-51,1,-5,0,-25,-7,-63,2,-2,-1,-20,-5,18,4,3,-2,-10,-25,-26,-13,-4,-11,109,100,16,15,-7,14,26,-23,-32,right
42,163,23,-52,556,-404,-13,25,41,-331,-702,433,-50,-54,-58,210,-60,341,-1,-33,-3,203,233,-51,7,-32,1,-101,-180,382,3,-48,-20,-283,76,-41,1,-17,10,114,-1,-266,0,-11,-6,178,67,127,16,-29,-2,-276,-112,-85,-16,8,4,618,52,-251,3,-4,1,-543,-17,184,9,-1,-6,403,179,-183,-2,-2,0,-28,-137,-95,1,1,12,-81,10,-349,-14,44,2,-163,-112,394,0,-29,5,13,104,-96,2,7,-3,9,-119,-114,0,21,-7,82,130,77,-1,-7,-6,-124,5,152,14,-12,5,123,79,-181,-6,12,3,-19,-93,60,-5,-4,-3,5,22,-7,9,0,8,-23,-49,-27,-8,2,-4,-16,-56,-22,-5,-13,-4,-113,30,-55,-1,34,-7,75,20,76,6,-13,9,-3,85,92,6,-9,3,-45,-106,-47,-7,-2,1,-74,48,3,0,14,-3,79,-46,-24,right
-32,-150,-29,88,51,-135,52,20,11,-244,247,-160,5,66,25,-136,-192,-646,-29,49,-37,425,-65,-134,-23,23,6,-342,-22,351,16,67,-3,38,84,158,46,59,44,386,57,343,5,12,37,88,88,224,-4,-20,0,-366,-272,187,-34,-51,-30,240,-65,53,3,-3,-17,-204,116,158,13,-48,-3,-70,-2,-2,-11,-20,-3,-15,17,-1,-26,-3,-20,-253,-31,-8,7,-18,5,250,-111,288,9,-13,15,308,178,-217,4,-14,-11,-73,-181,57,-2,-18,-1,-5,197,-43,4,-6,17,102,-122,-320,-14,17,-14,-165,38,17,14,-1,9,164,79,-194,-9,40,-10,-404,4,122,19,14,12,470,-57,-272,-24,5,-18,-339,10,317,11,-15,22,178,72,-101,2,20,-4,33,-100,-51,0,-16,1,-12,55,-9,-2,7,-8,-133,59,173,4,-18,14,38,-128,-109,5,5,-8,-2,33,-83,right
3,150,39,37,170,-586,-2,25,-4,-323,-146,542,-37,-30,-5,476,-160,276,12,-46,-12,-132,111,118,0,-21,-7,0,21,132,13,-34,-5,34,88,119,-4,-31,-12,-272,-205,32,-2,-25,-5,-45,142,-80,-10,-1,-5,354,71,116,8,-35,10,-423,-110,2,19,2,-13,384,83,-176,-10,16,19,-20,-65,-202,-2,-1,-17,84,15,-13,0,8,16,-84,108,20,13,0,9,-58,-75,-41,6,-10,-6,286,136,-350,-16,29,-2,-362,-175,131,4,11,2,95,48,-118,-6,4,-5,-77,7,125,3,5,4,68,-73,-18,3,-2,-1,-53,21,61,3,-10,3,96,-40,-119,1,13,-5,23,-3,132,-1,-15,4,14,3,-26,-6,-4,-9,-110,-16,-1,6,6,6,128,7,-123,-4,6,-6,-97,-48,58,-12,-7,4,-28,106,71,15,1,5,-18,2,-40,-5,9,-4,29,-16,13,right
26,150,35,19,284,-863,-6,13,2,-440,-92,917,-15,-37,10,668,-198,-18,7,-38,-19,-286,45,401,1,-23,4,429,-176,-148,-5,-36,-42,-440,42,294,-6,-33,1,-142,-81,-101,-9,-13,-16,359,139,-3,3,-11,4,-102,-56,257,4,-43,5,-48,179,-223,-2,10,13,185,-160,-267,4,-1,-9,-165,154,-24,5,5,6,-69,-34,-2,-10,6,11,86,-25,-278,14,25,1,-46,-63,35,-8,8,-7,39,36,29,7,0,-3,-8,23,-64,-5,14,5,128,-32,-36,-1,-11,-8,-190,72,140,0,10,7,44,-62,-39,-7,2,1,100,9,-70,6,-12,1,-221,41,155,2,10,1,74,-69,-117,-7,4,-14,6,31,48,5,0,8,47,-21,40,7,-12,1,-35,73,-29,-1,7,5,-11,-91,-67,4,-3,-4,11,26,46,-10,2,0,21,-29,30,2,-7,3,-13,12,-13,right
45,152,21,-233,288,-631,-7,37,26,-40,-132,695,-17,-39,-1,37,-359,111,-23,-38,-21,344,175,-117,-5,-31,-6,-453,-113,373,-1,-39,-5,306,31,-204,-17,-20,-27,-42,218,152,10,-28,8,-118,-209,253,2,-17,-4,300,92,-166,2,-3,0,-47,86,-39,0,-19,-1,124,-43,-17,2,-22,5,43,-2,-211,-4,20,-7,-134,-76,-108,8,13,-4,3,169,-60,6,10,9,25,-32,-112,-9,22,-1,-86,-3,73,17,-1,7,89,44,-80,-9,6,-5,-117,-134,24,-2,-7,1,-20,94,46,-1,13,2,46,-103,-27,-3,-5,-1,14,87,23,11,-1,7,-77,-87,53,-3,0,-4,-48,-31,-48,-3,6,0,-115,-25,91,-1,5,3,287,-82,-180,-7,-4,-14,-193,146,123,3,2,10,227,46,-104,0,-8,-3,-177,27,113,6,-7,11,106,-31,-97,-6,10,-7,-72,-53,57,right
-33,-151,-30,163,-92,-343,-11,8,-29,-206,87,353,76,8,28,-255,200,-1155,-7,143,-12,513,-119,462,50,17,29,-434,460,-640,-45,146,15,-131,-437,711,20,-14,46,656,634,401,-32,1,8,-543,-997,509,-20,-82,-22,285,83,110,19,3,-13,-39,-80,88,5,-43,1,204,249,57,-6,-17,-24,-186,-396,17,3,-56,-28,-297,422,-191,-23,17,23,575,-3,-107,2,-35,-13,-373,45,-55,3,-3,3,-316,-216,187,-11,0,-5,645,246,-143,-1,-9,27,-150,-75,-233,17,20,-1,16,40,-128,6,26,-6,-192,20,130,-1,16,-2,284,-25,-141,1,-2,-9,-204,19,119,-8,-2,8,-12,6,-28,-2,9,4,98,65,-76,8,0,8,-72,-80,46,-11,1,-10,48,-50,10,3,-2,1,-13,29,26,2,-3,-2,140,10,-68,5,-7,-1,-244,47,102,-2,13,-1,57,-53,48,right
47,163,34,738,264,-1505,-31,60,6,-1841,-635,1529,-33,-43,2,1918,383,-31,1,-78,-21,-547,-100,373,22,-33,14,315,76,3,8,-26,-17,-536,-262,150,6,-37,-18,184,310,-285,7,-14,-15,-243,44,133,-19,-32,14,-10,-81,-63,-6,-23,-15,-91,40,-223,-1,7,20,322,147,99,4,-15,-3,-17,-246,-112,-2,8,0,-54,-101,-101,3,-1,-11,40,165,-134,-1,39,-4,-198,-199,124,-6,0,-1,-30,306,64,18,11,14,-33,-49,-3,-4,8,-5,140,-80,-94,-3,-3,7,-84,71,91,4,-5,2,41,-17,-85,0,10,1,-42,-36,32,-5,-1,-6,71,90,68,6,-7,7,-88,-84,-82,0,11,-5,89,-49,-19,-4,-6,3,-110,46,41,1,12,0,189,12,-30,0,-11,2,-82,2,17,7,-2,-5,-27,-74,-3,-8,-3,-4,-28,37,7,2,1,5,53,-19,-90,right
-47,-148,7,182,-215,-769,22,25,-52,-125,-4,213,-2,57,6,-287,208,169,43,63,-23,-184,70,38,2,83,55,348,196,-361,12,94,26,-991,3,424,-18,63,80,1078,-158,143,-46,-74,-59,1,-208,514,11,-60,5,290,24,180,13,-33,-19,-238,-111,25,2,-32,-8,440,339,-270,-6,-34,-22,-586,-255,176,11,-28,-7,-3,112,-101,-41,16,-9,-76,8,-92,6,-29,-11,-26,83,97,5,-2,18,186,48,47,11,-2,11,129,25,-159,5,-5,1,-66,7,54,14,16,5,-14,-47,-58,10,6,-4,-161,-16,-78,-3,17,2,143,-53,-41,-1,-1,-2,-78,68,-88,-5,10,6,-57,-134,83,0,-4,2,69,39,-168,0,15,-8,-68,34,129,-2,-9,7,108,-14,-80,3,9,-5,-62,-61,8,-6,-3,2,62,51,-34,4,2,-5,-107,-3,75,-3,-6,-1,114,37,-1,right
35,148,56,-135,381,-396,-20,50,10,-165,-606,574,-12,-82,-26,810,172,60,-2,-23,-19,-158,-90,137,2,-68,-11,-294,22,-44,-17,-8,-5,163,69,-65,10,-30,-13,-507,-149,79,2,-19,-12,245,244,35,-11,20,7,152,-77,-22,6,-38,0,-202,39,87,13,-3,12,26,26,-19,-3,3,11,76,-94,-392,-2,20,-8,30,-62,30,-6,4,-8,-80,151,75,13,-4,13,-200,-64,70,0,20,1,270,21,-253,-2,1,-9,-112,5,120,-1,4,6,3,-57,-138,-3,8,0,-22,46,72,-1,8,1,131,-41,-48,-5,-9,1,-90,12,18,1,7,-3,18,9,77,3,-14,11,2,25,-104,2,16,-10,-31,-78,-17,-4,-9,-4,8,79,43,4,3,4,65,3,-24,3,-7,2,22,-34,-32,-7,2,-3,-74,32,91,8,4,0,-3,-66,-58,-11,0,-6,-10,86,97,right
49,142,42,-237,290,-721,-16,26,6,-330,-428,684,-23,-29,-13,940,15,201,4,-74,-16,-135,4,145,0,-29,8,-57,-72,-65,-5,-22,-13,37,130,126,-2,-13,-7,-226,-190,80,14,-28,-19,-341,206,-317,-27,16,13,400,23,155,7,-4,-12,-199,-68,-88,17,-20,1,41,192,52,-7,6,16,352,-23,-235,-5,13,-11,-32,-51,46,4,-14,9,-415,15,241,11,19,14,558,-112,-490,-11,-2,-15,-427,-33,207,-4,2,4,136,54,51,7,-9,2,-99,-27,-123,-3,18,1,182,15,-30,2,-4,-2,-226,-20,98,-2,5,1,200,-55,-176,-3,-7,-5,-175,123,175,2,4,6,132,-115,-178,-4,5,-4,-198,98,168,7,1,3,74,11,-84,-2,8,2,76,-81,-8,-3,-4,-5,-38,41,27,0,-6,-3,-32,-6,-13,2,5,3,-20,21,12,3,5,0,93,-62,-35,right
8,161,20,173,399,-306,15,-7,27,-535,-329,420,-36,-29,-16,271,-240,171,13,-60,0,54,116,57,-9,-19,-8,133,-128,91,7,-31,-19,-211,85,26,3,-29,-14,-60,0,-245,-21,5,-4,29,31,307,-6,-23,6,183,159,50,9,-15,10,-150,-10,-84,4,-2,3,115,6,-106,-6,5,-12,5,33,-7,8,-6,16,-58,-52,-188,12,18,-1,77,20,-248,-5,34,-13,-59,-106,77,-11,-8,3,-13,167,52,19,8,7,32,-79,-121,-6,10,6,24,-61,14,-8,-13,-7,-154,32,112,3,17,3,172,-25,-99,-7,-2,0,-89,5,80,-1,-2,-1,59,-14,-32,2,-5,-1,-10,19,21,-3,-2,0,-42,24,-4,6,8,3,95,37,10,5,-16,-8,-49,-44,-54,-2,9,0,0,-44,5,-10,4,-4,50,44,29,8,-12,10,-66,43,11,2,8,2,-11,-45,35,right
17,163,20,-41,487,-491,0,-4,27,-390,-488,503,-29,-50,-24,620,-49,36,-1,-49,-6,-124,115,134,17,-27,3,-163,-152,-6,-10,-14,-10,161,174,139,-7,-11,-11,-105,-180,23,-5,-29,-20,-222,57,86,0,-2,-6,285,137,206,-2,-1,13,94,-183,-74,4,-36,-9,-264,225,37,15,2,15,411,-39,-241,-1,-13,0,-242,-119,-176,3,17,1,-12,103,-92,5,14,8,-19,-86,-104,5,13,2,181,23,-143,-13,10,-8,-183,4,113,3,1,1,-64,-27,-37,-2,21,-1,191,-43,-36,-8,-7,-5,-142,85,116,7,-2,6,41,-55,-64,-1,-5,-2,-41,51,36,-5,4,5,89,-90,-22,5,-2,-3,-52,67,49,-1,-8,4,-18,-43,-34,1,8,-9,-1,13,-13,-4,0,-3,45,36,49,1,-7,5,-83,-20,-27,0,6,1,96,-5,-31,5,-9,2,-55,44,-4,right
7,159,35,-317,115,-101,-1,-13,7,179,-158,197,-24,-12,-10,386,-112,314,7,-51,-15,3,85,171,17,-52,-2,-281,-143,-121,-1,-18,-29,-165,226,-229,-5,-12,4,-170,-111,183,2,-30,-6,444,209,199,-2,-10,16,-396,-165,9,-1,18,1,504,8,-227,-13,-13,-18,-226,75,43,5,2,24,-140,-61,-40,2,12,-6,701,-87,-495,-10,1,-17,-568,132,303,22,8,22,186,13,-224,-5,21,-13,-113,-79,70,-7,-2,3,-55,96,36,11,9,7,-7,-48,-43,1,8,0,23,-14,18,-8,-8,-5,343,-28,-165,-5,-1,1,-293,16,172,9,-18,7,31,-2,-96,-10,12,-5,-39,-81,9,5,-5,3,-16,49,31,-2,7,-6,41,2,-9,-3,-2,-1,-20,27,46,3,-1,2,87,-25,-107,-4,-1,-9,-42,16,104,2,-4,9,26,-7,16,4,-3,1,-71,30,-73,right
22,154,21,-138,74,-694,-26,25,13,-32,58,561,-18,-53,-11,89,-285,417,-14,-36,-7,210,114,168,15,-27,7,-232,-115,133,4,-26,-20,32,74,98,-6,-12,-18,-431,-45,-41,11,-33,3,565,234,92,-9,-15,5,-189,-45,-45,18,-3,-6,-195,-16,16,-5,1,6,484,162,-308,2,-3,-5,-501,-78,103,3,3,18,332,35,-101,13,0,4,0,-116,-304,-10,17,3,131,-80,-42,1,3,-12,-58,140,-14,6,13,0,-18,-120,45,-1,-11,3,-48,9,-131,-3,21,-6,176,-18,4,-5,-12,5,-204,38,40,5,17,2,102,-106,-43,-12,-8,-8,-91,97,66,7,-6,4,62,7,8,-1,6,-4,-50,-34,23,-3,-8,3,13,-4,-64,1,6,-3,-82,62,55,-2,0,2,66,-61,-32,4,-2,0,-17,70,38,7,-5,11,28,-35,28,-2,1,-7,-35,-21,-75,right
38,150,22,57,526,-932,-24,42,22,-285,-391,749,-20,-63,-12,379,-401,350,-17,-39,-26,-169,96,191,13,-19,3,155,-11,76,-2,-46,-16,-320,62,109,-1,-16,-7,-13,-5,-24,-2,-25,-16,-188,122,119,6,-8,24,322,138,75,19,17,6,-58,-171,-199,-16,-22,-6,80,134,96,17,3,9,231,-65,-138,2,-3,-4,-126,-132,-57,-13,-1,-12,-25,106,45,-6,-14,14,-8,-76,-280,2,7,-6,149,101,-86,3,11,9,-100,15,16,8,8,6,-11,-126,-183,-12,24,-19,83,88,-8,0,-4,-3,20,82,118,2,-8,17,-110,-129,-63,2,11,-8,50,-8,-42,-12,-8,-8,-37,44,101,8,1,9,9,-47,-40,-6,9,-1,-68,-10,-26,-2,-2,-6,16,31,57,4,-8,1,1,38,72,1,-5,1,113,11,-64,2,-15,1,-84,-8,-4,4,11,2,31,5,-53,right
-4,-155,-14,-143,-42,-421,-8,14,-13,59,41,-314,6,32,4,128,-91,-58,-7,65,-14,-65,183,-288,48,56,-26,-619,464,-27,-9,135,92,736,-83,-234,14,4,-24,-876,94,668,-21,52,66,552,-658,345,-25,-46,-31,-18,-106,531,-5,-31,-19,167,3,370,7,-53,-3,-285,1,116,0,3,-14,183,89,221,-9,-52,-15,0,95,-121,11,-17,-6,-432,-135,244,10,-22,-3,467,249,-193,9,-2,10,299,17,-25,6,-6,19,-94,-175,-158,-9,-24,-3,65,-77,-105,-3,5,2,168,72,-250,-13,13,-10,-72,-103,23,5,-11,3,-259,193,-110,5,3,0,101,-28,-202,-14,33,-11,77,-48,-67,7,4,11,-237,78,134,1,5,-3,8,-34,-77,-2,9,-2,-83,32,94,-2,4,5,146,-68,-73,-2,-5,-2,-220,50,93,3,-2,6,198,-7,-75,5,1,-2,-79,-33,44,right
2,166,-3,106,448,-961,4,15,28,-92,-309,693,-2,-30,14,76,-94,280,-32,-14,-18,-219,-255,299,13,-13,1,209,192,228,13,-29,-5,23,-90,241,18,-59,-19,-196,-122,23,2,-40,-21,184,355,45,-5,-16,10,-131,-143,-41,0,-50,3,110,113,20,11,1,5,29,-160,-292,-14,-4,3,128,-63,-217,-10,12,-9,111,63,-100,-4,-4,4,-473,-151,3,-1,24,-1,375,167,-318,-7,22,-8,-59,94,47,8,5,12,-136,50,66,3,10,4,165,-113,-128,-5,-6,-8,-157,11,106,5,3,11,-11,-26,-84,-8,13,-4,131,-30,8,-6,-14,-1,-132,109,41,11,8,2,54,-81,-46,-9,-9,-10,-26,63,77,5,7,8,21,-56,-58,-4,0,-3,-14,3,5,1,-12,7,-150,94,97,6,9,-1,150,-82,-84,-5,3,-2,15,-33,31,6,-6,0,-24,-6,-12,right
38,150,18,-166,639,-708,-12,61,47,39,-294,639,-16,-71,-6,394,-468,-26,-33,-10,-43,-158,-47,520,15,-55,-14,-98,19,-73,12,-37,-1,-95,44,358,-19,-8,-5,64,34,32,22,-42,-11,-502,5,-242,-5,-14,-3,339,199,161,-10,7,9,-22,-106,-45,13,-15,-6,191,103,-67,-7,-15,11,22,-39,-134,-3,20,6,373,-126,-308,0,-21,-15,-310,178,56,8,30,22,-14,-113,-133,-5,1,-9,-62,-24,-205,-11,31,-7,28,71,133,6,-14,11,-39,6,-36,4,22,-2,-73,-69,66,-12,-1,-1,104,69,-39,-1,3,-1,-35,-38,72,8,-11,6,-24,45,-8,-1,0,-4,108,-57,-89,-4,8,-4,-86,-1,77,1,-14,4,148,48,-57,1,8,-15,-221,-7,91,6,-4,11,48,33,-20,-3,1,6,89,-35,-50,-2,5,-4,-55,-2,77,2,-12,4,-29,-18,-59,right
23,-154,-16,-193,-94,-481,-32,22,6,423,71,-638,23,21,-25,-143,147,-131,-3,84,39,248,60,-106,-2,38,-49,-689,-40,356,6,100,35,326,335,99,7,54,-12,-323,-206,402,5,38,58,505,-22,636,-28,-59,-3,-457,-336,304,-13,-30,-11,427,47,-2,26,-33,-1,-32,81,286,-8,-16,-6,-253,-264,-110,24,-60,-21,31,276,-143,-39,19,5,232,-185,221,8,-58,-10,-277,128,-146,12,10,9,192,-97,-52,-14,-5,2,412,-17,-178,0,-4,-6,-347,31,203,0,-7,-8,122,-64,-174,-1,6,-7,-109,73,-124,1,18,-1,125,70,-5,-3,-13,10,-207,44,48,9,2,14,105,3,-154,0,17,-2,-66,-42,-52,-7,3,-8,14,45,-18,6,9,8,22,-35,-41,-2,1,-4,-22,-51,7,-9,1,-1,-9,62,60,4,0,-4,3,-91,-83,-3,6,-4,50,96,52,right
19,165,2,-719,145,-268,72,33,84,1161,799,8,-48,-44,-12,-569,-1145,524,-46,-41,-47,-148,-82,54,25,-17,-7,147,139,373,-17,-14,0,83,38,79,25,-77,-23,-358,-107,-106,-36,-9,-9,313,199,57,3,-31,15,73,113,-102,19,-43,1,-91,16,-83,15,17,8,357,-149,-321,-2,-9,-10,-379,1,-73,-2,35,6,286,30,-83,-5,3,-7,-120,-115,-46,-8,-3,13,-60,141,110,3,10,1,253,-104,-325,-17,7,-11,-373,-33,217,8,4,4,28,62,-42,2,10,-4,42,18,-32,-3,2,0,-27,94,98,7,-14,4,-8,-28,-71,-4,17,1,-28,-52,36,-7,2,-3,121,15,-26,13,-17,7,-84,32,62,1,-1,0,10,-86,-103,-10,15,-7,12,41,42,7,-9,5,-31,1,-32,2,7,-5,-33,-19,61,-8,-9,-1,-40,55,31,7,10,4,133,-82,-145,right
12,179,-6,-683,359,-495,42,22,72,396,3,180,-56,0,-17,384,-485,640,-21,-106,-28,-81,44,-98,-10,14,-6,192,24,306,20,-36,-11,-69,100,95,12,-42,-7,-324,-215,21,-3,-29,-9,338,370,-99,-4,-20,1,-569,-305,3,-18,4,2,253,45,30,-3,-23,6,401,65,-78,-1,-13,2,-55,-69,45,11,-11,-1,128,213,-125,7,-8,0,-366,-103,-135,6,50,0,116,-68,-216,-2,2,-5,-53,127,90,0,-3,8,62,22,64,-5,10,-2,-104,-125,4,4,-4,2,90,96,-163,0,1,3,-148,14,98,-5,10,2,89,-101,-122,0,0,-3,-33,41,32,2,4,1,62,-16,5,-3,-6,-1,-5,-71,-40,-4,1,-7,-86,100,64,3,-5,9,52,-69,-80,4,5,-1,-37,70,-8,-8,5,-4,-22,-43,82,5,-13,3,163,60,-146,2,16,-7,-190,-45,171,right
-19,-154,-13,24,-3,-775,5,6,-20,-86,93,-347,-5,16,-35,-165,-45,-347,56,121,14,435,659,-432,92,170,73,-846,173,994,-30,101,88,985,-794,318,-62,-77,-46,-103,-163,714,-37,-81,-35,-40,-159,257,-12,-11,-10,-419,-28,242,22,-44,-11,338,119,-240,-19,2,-11,-59,37,391,9,-53,-9,-136,46,35,20,-16,-6,271,104,-35,-15,2,2,220,-20,-34,21,-53,8,-725,78,141,-5,20,11,630,-50,-394,-18,-19,2,-241,-83,-44,10,-6,9,104,133,-179,9,6,5,-159,-125,-266,-12,39,-10,188,-9,-117,5,16,-1,-139,20,20,-2,0,5,64,-48,-12,-5,3,-3,-61,35,-43,-8,26,-8,161,-68,-28,1,-28,1,-161,104,113,7,5,5,42,-28,-46,-12,7,-7,-60,38,111,7,-20,9,29,-24,-62,-2,14,-3,-72,6,-2,-1,1,-4,35,-46,18,right
9,-156,-20,138,173,-917,10,30,4,-143,65,-262,31,34,-17,-537,108,-362,-79,87,10,533,-299,65,29,48,-51,-273,410,257,31,116,80,-78,98,1116,79,33,57,308,-20,-364,-61,-14,6,6,-716,716,-53,-67,-45,73,34,39,22,-11,2,-342,-73,410,4,-37,1,671,209,0,-12,-18,-25,-492,-170,30,2,-38,-6,-42,49,284,-17,-36,-7,537,105,-216,-1,-9,7,-163,-41,-2,1,-25,-18,-204,5,-54,5,0,4,184,203,-257,-14,-16,0,-202,-29,-93,26,35,29,12,39,-260,15,12,0,-60,-53,-87,-8,10,0,-20,14,-100,-5,29,-13,82,-10,77,-4,-2,6,5,63,71,7,0,9,137,-38,-220,-7,4,-2,-147,-70,179,-6,0,-4,117,-38,-95,8,2,-4,-119,19,25,-9,-1,0,166,24,-60,11,8,0,-51,-16,130,-10,-14,1,-77,-37,14,right
-22,-156,-5,83,19,-894,10,36,-4,-85,-1,46,53,28,-3,-237,220,-521,-20,122,2,303,-413,460,1,15,-41,-640,649,-183,-10,106,67,322,-448,509,-1,-9,-12,565,290,91,-12,13,31,-523,-406,460,-23,-42,-17,198,-34,225,2,-32,5,99,88,197,8,-16,-5,3,20,98,13,-36,-5,-81,-110,216,-2,-18,-14,-28,-8,-141,3,-23,-18,-54,147,-58,-6,-25,-2,123,115,149,12,-13,-1,-291,-34,-34,4,-9,13,259,130,-239,-8,13,-1,89,-86,-92,-1,-5,6,-108,39,-23,7,-2,17,-15,-53,-163,3,36,0,296,-19,-223,-6,-11,-3,-418,-106,130,8,23,-6,200,68,-78,-8,-1,-1,26,-72,-60,-5,14,-4,-92,-9,46,2,-8,-4,-55,136,75,-2,4,5,72,-86,-55,-2,-3,3,-20,0,39,1,-3,-1,1,25,29,2,-2,0,-38,-66,-54,right
23,155,18,-34,461,-595,18,20,9,-165,-264,462,-23,-11,7,396,-187,337,-14,-53,-21,-151,58,245,4,-29,5,96,-92,414,4,-44,-12,128,52,-210,2,-19,-17,-307,-75,135,-4,-61,-14,195,152,84,-2,-11,8,-284,-204,-265,-7,4,-2,102,108,26,3,-16,12,65,77,-199,7,0,10,-323,-115,-142,-4,24,1,371,8,-245,-6,34,-3,-167,16,-20,7,3,1,302,3,-44,-10,-3,0,-315,56,103,3,10,-1,206,-55,-121,-6,10,-6,-69,56,59,7,5,3,28,-56,-28,-13,-6,0,35,54,-19,7,1,-4,-130,-30,22,4,5,6,42,74,13,-1,-7,3,29,-64,-44,-3,7,-2,-21,13,48,2,-14,2,-1,41,35,-1,13,-3,8,-70,-95,4,-6,0,40,59,19,-2,-4,2,-37,-26,41,2,2,-4,-27,-13,31,0,0,-7,81,38,-98,right
10,154,35,-478,206,-191,-12,-2,7,680,-166,322,-21,-58,-27,-374,-84,314,6,-12,7,16,-13,280,17,-50,-7,197,105,-78,-2,-34,-8,-235,-202,173,1,-25,-13,120,163,-113,10,3,-6,-211,-118,-323,-24,-12,8,175,175,360,12,-27,17,165,-6,-225,-7,-7,1,-209,-123,-58,0,30,5,383,9,-326,2,2,-17,-250,12,92,1,14,1,-3,81,-26,22,-1,11,78,-16,-119,-11,18,-4,75,-9,-6,0,-1,-2,-200,-37,-44,-2,8,-4,-14,33,134,2,-15,11,141,-59,-175,-10,17,-11,-123,6,128,1,-9,9,-24,8,-50,4,10,-7,-12,20,74,2,-11,3,119,-18,-70,-5,3,-4,-113,-14,-38,1,0,3,-2,16,73,6,-8,0,-36,-56,2,-3,16,1,134,42,-20,-3,-16,1,-76,71,-18,5,13,3,3,-96,-97,-2,-4,-6,4,27,97,right
19,-159,-3,188,63,-517,-2,-14,-5,-316,111,-651,16,57,-20,-306,-97,-374,-16,122,-5,689,36,-267,3,90,10,-538,-24,719,15,57,41,265,229,365,2,25,24,-56,-329,411,-57,-41,-22,214,-158,431,-5,-38,-16,-97,100,160,10,-34,10,-87,-9,378,-11,-11,-1,52,32,-101,11,-31,-18,-99,4,286,-10,-25,-11,-62,54,40,19,-14,9,74,64,-166,3,-24,-3,227,-26,52,-10,-20,9,-40,-27,-135,2,-2,-3,104,55,-242,9,-8,9,84,54,-108,19,-15,8,-152,-23,-272,-6,53,-13,-115,-43,-91,-3,8,-3,-85,17,26,-6,6,-4,45,41,11,4,11,7,-55,-53,-15,-2,14,-2,21,-25,4,1,-11,5,58,10,105,-2,7,-2,-13,-56,-46,-4,-11,-1,-44,13,29,7,-6,-1,42,-18,-99,-5,15,-2,-30,42,122,-2,-6,2,-17,-1,-78,right
85,156,-3,-148,953,-1193,34,85,97,136,-746,1015,-74,-85,-35,-51,-637,328,-56,-35,-65,-107,151,414,14,-39,19,71,167,236,-21,-30,-7,401,-103,-215,-1,-28,-13,-346,-83,233,-2,-32,-2,401,241,-79,14,-18,1,-29,-40,-227,5,-28,-5,-365,63,20,8,-1,3,279,99,-315,-4,6,13,-201,-94,32,11,-10,-2,177,246,-250,-11,25,7,-253,-269,30,9,14,-2,181,124,-109,-6,19,-4,-98,-76,87,-7,1,3,4,33,25,4,9,0,81,-47,-54,3,6,-2,-10,37,103,-7,-15,-4,2,-36,-41,-2,2,-7,-86,41,59,3,-2,7,35,32,-38,6,0,9,-15,-78,-74,-8,5,-4,-5,-34,71,2,-7,-1,12,85,-59,13,3,0,-18,-29,-16,-9,-1,-4,49,-19,10,-1,5,2,-51,-10,54,1,-11,0,9,-5,-68,5,12,-1,-16,10,41,right
26,163,-28,224,377,-626,16,25,66,-352,-245,690,-33,-27,-5,481,-159,216,-9,-61,-7,-182,-70,466,0,-44,-4,-120,-114,-37,20,-35,-5,78,105,129,-16,-17,-8,16,-187,13,7,-34,-20,-294,96,-51,-3,-8,8,361,154,-206,0,-6,-13,-233,-77,-12,-19,-10,-3,45,78,21,6,0,11,2,24,-270,-5,-12,11,171,88,-142,4,6,-7,-126,-5,-36,20,27,6,-175,-21,-116,-8,24,4,160,-79,-97,-9,6,-7,-44,98,156,5,4,4,113,-119,-181,-5,-5,0,-187,71,89,5,4,1,137,-72,-144,-8,8,-5,-121,77,144,-1,-12,5,52,-23,-103,1,12,-4,-24,7,93,0,-9,6,107,-23,-54,-3,1,-3,-138,29,25,9,-4,0,36,-8,-36,2,11,-4,-25,-20,70,-7,-9,0,151,55,-8,-1,-2,4,-111,2,-55,11,0,-3,-13,-40,26,right
-6,155,15,150,196,-348,6,-1,-2,-336,-105,586,-21,-32,11,145,-104,176,9,-29,-4,37,19,171,7,-45,-5,74,-38,297,11,-27,-10,-228,-44,-174,5,-25,4,125,55,-155,-7,-25,-17,260,22,91,-12,-20,3,-330,-179,-13,-4,-2,-8,40,84,-203,-4,4,15,287,-23,-221,-4,-2,-12,-224,108,6,6,17,10,115,43,-116,5,7,4,-42,-28,-104,-2,22,0,30,26,18,2,4,-4,-50,59,-1,3,6,8,25,-55,29,-6,1,-2,11,33,-43,-5,3,-3,24,-65,7,2,-9,5,-118,-29,-42,0,11,-2,127,5,15,-4,-3,-4,-111,8,44,2,6,-3,34,-26,-4,3,-17,3,41,81,-24,1,8,-2,-71,-67,8,-2,-6,-4,21,100,2,0,2,8,-97,-109,27,5,-1,-1,143,76,-10,-4,1,3,-40,-42,-13,2,5,-4,2,6,9,right
23,156,-20,203,240,-659,26,27,58,-262,-194,567,-27,-44,-11,-154,47,436,-24,-24,-5,284,-261,-75,1,-28,-9,-194,151,434,4,-52,7,13,14,-378,-1,-18,-18,-97,-7,114,-4,-55,-13,240,33,123,-3,13,6,-150,-140,-15,-7,-13,-9,316,9,-160,6,-15,1,-280,149,159,13,15,19,26,-310,-222,-9,-6,-18,-63,272,-51,4,28,20,93,-119,-79,-7,-9,-9,28,9,-202,-7,15,1,-83,128,84,2,-8,7,132,1,-141,5,10,-4,-150,62,101,2,7,1,141,-136,-156,-8,14,-8,-16,83,115,7,-9,6,71,-29,-67,-4,-3,-1,-89,5,60,1,-2,-2,60,-13,-49,-1,8,0,63,63,19,-11,-19,2,-67,29,66,13,14,2,-41,-78,-59,1,-3,0,-12,17,0,-4,-8,-3,-49,-6,-38,7,8,6,28,7,114,0,-11,3,90,-82,-73,right
53,163,58,233,114,-1,-23,-17,-28,-681,-609,579,-11,-76,-17,746,398,-200,-11,-18,-24,-741,-239,104,20,-55,0,383,486,-259,-41,11,-1,-190,-248,117,10,-50,-9,-49,129,-189,2,13,-17,339,148,264,-1,-17,25,16,-143,-136,4,-16,-9,42,133,-134,5,26,7,-185,-213,130,2,-23,-11,190,289,-197,14,25,9,-267,-167,29,-1,12,0,162,53,-87,-4,-3,-1,-48,1,10,2,7,9,-115,-126,-35,-10,10,-10,174,55,-105,-2,6,8,-197,16,155,0,6,0,150,-92,-133,-7,-8,-7,-62,165,129,16,-5,15,-24,-163,-52,-9,11,-20,3,88,34,-3,-4,12,85,50,-23,8,-7,2,-73,-24,26,0,-1,-1,100,-10,-21,0,4,-3,-34,-3,-6,-3,-7,1,37,-26,-42,1,-5,-6,-28,72,29,6,11,3,-20,-100,30,-7,-5,0,-50,70,0,right
36,155,-11,-406,232,-388,13,37,76,197,89,257,-16,-11,-12,-187,-588,218,-41,-40,-33,498,64,319,21,-66,0,-77,58,-80,-9,-20,-2,-10,-28,296,-7,-22,-14,-113,21,-216,8,-43,-8,34,31,143,-9,1,-3,281,-27,8,1,-32,-12,-26,98,38,2,-9,-3,68,136,-11,10,-5,18,-70,-216,-177,-11,-10,-11,-57,127,-272,4,30,6,100,59,-75,-5,-4,6,-311,40,87,24,19,10,200,-5,-215,0,18,-4,-33,-27,86,-8,-14,1,-69,-68,-79,6,16,-2,38,-42,-40,-6,-2,-2,-38,85,101,4,6,1,36,-123,-43,-9,-7,-7,-65,45,52,-1,-2,3,2,-18,-73,4,11,-6,-60,21,64,1,-6,5,54,81,14,2,3,8,-81,-73,-31,0,3,-3,135,-47,-41,-1,-6,-4,-89,81,95,2,2,6,34,-68,-94,-7,7,-9,-50,13,19,right
52,142,38,269,521,-478,-25,50,26,-819,-685,652,-49,-58,-21,957,62,95,-10,-40,-5,-352,-92,153,25,-25,6,164,21,-21,-16,-12,-27,21,-10,140,23,-31,-20,-210,265,-18,1,-16,-4,33,-138,73,0,-18,-12,-61,291,-109,-1,-15,7,-94,57,4,6,-41,11,172,-10,107,-3,12,10,288,-197,-79,0,-23,-1,-446,18,-29,8,19,4,361,-35,-324,-2,3,-19,-111,-18,11,2,31,8,-76,-9,-91,24,-2,20,64,47,-149,-14,30,-11,20,-181,-23,-14,2,-1,-90,29,123,5,-7,3,65,-13,-83,-8,7,-11,-72,16,58,1,-5,2,-7,92,76,1,-3,0,41,-36,-56,-1,4,-2,-40,1,36,-3,-18,7,-28,63,0,7,14,-4,72,-70,-45,-5,-7,2,14,71,64,6,-10,6,-13,-18,-60,4,12,-2,-44,-83,13,-10,1,-8,34,14,-24,right
52,146,20,-761,386,-218,-7,30,43,705,-245,148,-39,-45,-22,-355,-372,313,-15,-31,-10,402,48,220,14,-42,-4,-251,82,-106,-2,-9,-12,370,-89,145,-4,-31,-24,-339,-15,9,-4,0,5,222,314,-91,0,-17,1,78,-12,117,0,-8,1,-162,-130,-16,1,-23,-2,-187,74,20,-8,4,1,490,62,-126,11,-21,19,-451,30,-77,1,25,-5,368,-121,-313,6,14,9,-153,58,-4,2,11,-3,106,-141,-87,-8,7,-19,-60,101,91,4,-8,10,39,9,-73,-2,13,-3,31,-75,-20,-5,-5,-7,-176,114,124,5,10,12,87,-68,-66,-1,-5,-1,-2,6,-11,-5,-7,-3,-8,-3,43,-1,8,-3,69,27,-2,4,-13,5,-85,-22,-53,-2,5,-5,-3,-33,-40,-7,8,-1,48,42,53,4,-6,4,56,36,39,7,-11,4,-138,-33,7,-5,8,-6,39,-32,-42,right
44,159,11,-778,277,-494,4,66,64,710,-262,383,-44,-46,-42,-543,-279,442,-31,-71,-6,993,109,-121,11,-30,-9,-549,-43,322,-3,-33,-5,102,50,124,-1,-23,-6,-4,46,-257,8,-35,-6,155,287,77,-16,-9,10,-78,-96,143,6,-1,-24,-77,-75,-186,5,-8,0,256,230,60,8,-8,-2,141,-98,8,9,-15,5,-561,-17,64,6,14,17,591,-16,-439,-7,6,-13,-323,-46,207,9,-2,19,-99,13,-161,-3,27,-8,-7,-113,-171,-11,4,-8,82,71,-17,7,14,3,-34,26,90,-2,-7,8,-3,-28,-8,3,-9,-1,-18,-58,-58,-5,18,-8,107,-16,-36,-9,-7,5,-46,95,55,8,-5,-3,-117,-47,29,-5,5,1,115,17,-48,-1,-2,-6,-32,86,75,10,-4,9,-4,-86,-15,-7,-2,-1,10,38,-48,6,6,0,73,-37,-68,-2,-2,0,-65,-13,104,right
19,155,11,-23,648,-640,22,22,44,-521,-596,562,-50,6,-18,647,-299,262,-18,-60,-21,3,123,366,22,-63,6,211,-91,-86,-23,-20,-19,-117,153,163,17,-46,-6,-106,14,-182,-11,-24,-24,-179,25,-10,5,2,2,-126,147,-57,5,1,4,214,230,-20,4,-28,15,-224,-174,-42,18,9,13,315,227,-143,3,-3,7,-85,-350,-48,-2,16,-12,-5,33,-74,8,15,-5,6,-84,5,-8,11,0,84,-78,-116,1,8,-2,-73,188,149,-3,-8,4,126,-48,-90,2,7,-3,-115,-146,-91,-4,6,-2,34,72,71,-8,-11,2,-35,47,22,8,3,4,-14,9,-1,1,4,2,36,-44,-63,-4,-1,3,-71,-65,-5,-2,-4,-7,20,54,-20,-1,2,-1,-45,-17,68,2,-4,-1,21,53,-6,3,4,2,-41,-41,-22,-5,1,-2,9,-44,37,-2,2,-5,60,74,-38,right
19,151,33,-91,143,178,2,-23,19,-173,-371,-176,-38,-11,-25,127,-51,460,8,-47,-1,200,97,-50,5,-15,-9,-277,-72,-175,10,-46,-5,390,421,108,-18,13,-10,-348,-418,109,-4,-61,3,191,374,18,-4,-15,-10,44,-68,95,11,-1,14,85,-115,-95,-1,-6,-10,-45,67,-308,-1,28,9,-251,16,186,6,-14,3,341,54,-298,1,28,-4,-192,-24,181,3,-6,2,-8,-1,-160,-4,15,-2,73,-23,-29,3,8,1,-172,16,23,2,4,5,46,-72,-72,-6,6,-4,57,15,2,0,-2,1,-88,-36,46,-5,0,2,83,-40,-29,2,-6,-1,-60,98,39,2,5,0,46,-115,48,-2,-2,-1,-25,101,3,-4,-7,-1,32,-16,-35,8,6,0,28,-38,-68,-1,-3,2,29,60,11,-9,-9,1,-161,-46,32,8,23,-10,102,32,-29,0,-4,6,15,27,14,right
22,157,34,-550,14,-485,-5,28,-1,286,-111,436,-24,-40,-14,374,-10,303,14,-67,-7,-195,-111,56,-15,-5,-10,130,166,39,7,-53,-4,-56,-5,170,-9,-25,-8,92,138,141,5,-12,8,-70,93,37,8,-43,3,-3,-123,-208,-9,10,1,85,66,33,9,-14,9,-249,-172,-228,5,22,-5,288,107,-169,2,10,-9,30,-8,-74,6,3,2,-225,-39,-53,-2,28,-4,19,53,-4,2,-8,4,-27,-51,-21,-8,18,13,89,-91,-41,-7,3,-5,-76,8,-12,-9,6,-6,175,31,-11,6,-9,-3,-154,43,141,1,0,7,62,-57,-61,1,-1,-2,-52,22,5,0,8,-7,73,34,24,3,-21,2,-83,58,69,8,3,9,29,-60,-99,-9,5,-6,41,-8,-11,-4,-9,-1,-50,41,50,13,9,7,7,-54,-56,-10,-3,-2,-95,-41,58,-2,12,-7,140,50,-79,right
27,153,6,-257,411,-603,7,41,50,-21,-350,649,-35,-35,-16,261,-338,233,-4,-54,-26,-21,30,433,20,-55,3,54,96,-257,10,-44,-17,-218,39,45,-14,-36,8,49,-41,158,-2,-26,-13,51,81,-298,-1,-12,-8,-169,214,-14,-3,33,18,157,-145,91,-1,-17,-2,174,57,-82,3,18,1,54,17,-46,-5,-13,-9,-19,-122,-115,-4,11,-2,-95,161,52,9,1,17,-22,-52,-149,0,23,-5,30,-85,-15,-5,8,9,-188,-62,-20,-4,2,-12,74,54,54,2,3,5,59,60,-79,1,9,-1,-50,-63,75,0,-14,-5,27,53,44,2,16,-1,169,-83,-105,1,-13,-3,-51,196,182,16,-23,14,19,-116,-154,-17,12,-7,-77,-4,-61,3,-2,-2,28,54,-12,3,5,-1,-110,17,27,-5,1,3,-15,-48,-3,-7,14,-2,139,-16,-30,15,-3,6,-106,28,136,right
9,156,18,113,448,-692,8,-1,14,-314,-557,710,-26,-36,-15,302,-68,160,-10,-55,-9,172,132,220,5,-35,7,-155,-249,73,8,-35,-20,-21,134,-120,3,-16,1,65,7,23,-11,-14,-17,-119,81,-204,2,-27,-2,-265,-44,106,-13,-5,19,414,143,-186,-7,3,-7,-111,-85,-42,0,18,8,193,107,-12,12,-7,-3,-370,-35,64,0,27,-2,215,-61,-54,6,0,2,-46,87,-56,-3,-7,1,-111,-39,-5,10,12,2,123,28,-109,-10,3,-1,-169,-59,76,5,3,5,153,-31,-75,-2,0,-2,-19,35,11,2,-4,1,72,-9,-18,-1,5,-6,-201,32,92,-6,1,-1,168,-51,-39,5,-6,0,25,103,-15,7,-3,8,12,-47,-27,-8,5,-6,-39,16,20,3,-5,1,75,14,11,3,-3,0,-78,-42,4,-2,1,1,-58,-35,-23,3,1,-2,2,8,15,right
43,150,33,314,131,-424,24,2,21,-787,-323,396,-56,-25,-35,731,-54,286,-21,-61,-24,-405,95,77,8,-23,3,-96,44,42,-18,-29,1,57,91,-113,0,-4,-14,131,116,263,6,-27,12,71,-79,-1,7,-19,3,102,54,27,8,-8,-2,88,-164,-205,-7,-9,-5,-305,29,116,12,15,7,273,134,-298,3,0,2,-118,-91,-35,-1,21,-1,-40,61,31,0,1,-3,7,-46,-143,4,15,3,-11,18,-10,-9,2,0,3,-42,-59,-3,3,-1,-101,-1,41,-1,-4,3,-21,8,-39,0,21,-2,114,-6,-39,-4,-3,-7,-25,49,134,12,-13,13,40,-76,-53,-10,7,-7,-21,21,29,-2,-4,-4,70,52,-11,11,-10,7,-83,21,63,-1,1,2,60,-116,-111,-6,13,-8,-11,61,77,2,-13,5,-25,5,-4,4,3,-1,-72,20,-22,-6,4,-4,119,8,-53,right
55,147,54,-351,75,-23,-39,-2,-4,60,-318,206,-25,-43,-36,108,-32,385,1,-36,13,313,103,31,4,-26,-15,-172,37,11,4,-60,-16,-184,48,31,-16,6,-1,17,36,-82,5,-22,-1,152,185,37,11,-32,9,24,-23,88,12,-6,1,105,-136,-174,-9,14,9,69,-85,-336,-8,7,-16,-158,-93,68,0,12,7,-80,69,-139,9,23,-8,-102,69,-113,-13,17,10,280,-33,123,-5,-14,0,-154,43,-47,-4,21,-6,-100,6,48,6,-7,3,121,-44,-110,-4,4,-4,-20,77,85,7,-4,9,-52,-36,-25,-2,2,-1,105,14,-30,-3,-1,-4,-19,-26,32,-1,1,4,29,4,46,-2,-13,2,60,49,-37,7,7,-4,-80,-60,12,0,-1,-2,32,-15,2,-6,-10,3,-79,19,-8,3,11,-2,-2,25,-108,-10,3,-3,-4,-33,60,11,-1,5,22,28,-8,right
